idBank,Last update,Period,Date,Value
1587668,27/11/2024 08:45,,2024-11,90
1587668,27/11/2024 08:45,,2024-10,93
1587668,27/11/2024 08:45,,2024-09,95
1587668,27/11/2024 08:45,,2024-08,92
1587668,27/11/2024 08:45,,2024-07,91
1587668,27/11/2024 08:45,,2024-06,90
1587668,27/11/2024 08:45,,2024-05,90
1587668,27/11/2024 08:45,,2024-04,90
1587668,27/11/2024 08:45,,2024-03,91
1587668,27/11/2024 08:45,,2024-02,90
1587668,27/11/2024 08:45,,2024-01,91
1587668,27/11/2024 08:45,,2023-12,89
1587668,27/11/2024 08:45,,2023-11,89
1587668,27/11/2024 08:45,,2023-10,85
1587668,27/11/2024 08:45,,2023-09,84
1587668,27/11/2024 08:45,,2023-08,85
1587668,27/11/2024 08:45,,2023-07,87
1587668,27/11/2024 08:45,,2023-06,86
1587668,27/11/2024 08:45,,2023-05,84
1587668,27/11/2024 08:45,,2023-04,83
1587668,27/11/2024 08:45,,2023-03,81
1587668,27/11/2024 08:45,,2023-02,82
1587668,27/11/2024 08:45,,2023-01,82
1587668,27/11/2024 08:45,,2022-12,82
1587668,27/11/2024 08:45,,2022-11,84
1587668,27/11/2024 08:45,,2022-10,83
1587668,27/11/2024 08:45,,2022-09,80
1587668,27/11/2024 08:45,,2022-08,83
1587668,27/11/2024 08:45,,2022-07,80
1587668,27/11/2024 08:45,,2022-06,82
1587668,27/11/2024 08:45,,2022-05,85
1587668,27/11/2024 08:45,,2022-04,87
1587668,27/11/2024 08:45,,2022-03,89
1587668,27/11/2024 08:45,,2022-02,97
1587668,27/11/2024 08:45,,2022-01,98
1587668,27/11/2024 08:45,,2021-12,99
1587668,27/11/2024 08:45,,2021-11,98
1587668,27/11/2024 08:45,,2021-10,100
1587668,27/11/2024 08:45,,2021-09,103
1587668,27/11/2024 08:45,,2021-08,99
1587668,27/11/2024 08:45,,2021-07,103
1587668,27/11/2024 08:45,,2021-06,105
1587668,27/11/2024 08:45,,2021-05,99
1587668,27/11/2024 08:45,,2021-04,97
1587668,27/11/2024 08:45,,2021-03,96
1587668,27/11/2024 08:45,,2021-02,93
1587668,27/11/2024 08:45,,2021-01,93
1587668,27/11/2024 08:45,,2020-12,96
1587668,27/11/2024 08:45,,2020-11,89
1587668,27/11/2024 08:45,,2020-10,94
1587668,27/11/2024 08:45,,2020-09,95
1587668,27/11/2024 08:45,,2020-08,94
1587668,27/11/2024 08:45,,2020-07,93
1587668,27/11/2024 08:45,,2020-06,95
1587668,27/11/2024 08:45,,2020-05,89
1587668,27/11/2024 08:45,,2020-04,91
1587668,27/11/2024 08:45,,2020-03,103
1587668,27/11/2024 08:45,,2020-02,105
1587668,27/11/2024 08:45,,2020-01,104
1587668,27/11/2024 08:45,,2019-12,102
1587668,27/11/2024 08:45,,2019-11,106
1587668,27/11/2024 08:45,,2019-10,105
1587668,27/11/2024 08:45,,2019-09,104
1587668,27/11/2024 08:45,,2019-08,103
1587668,27/11/2024 08:45,,2019-07,102
1587668,27/11/2024 08:45,,2019-06,101
1587668,27/11/2024 08:45,,2019-05,100
1587668,27/11/2024 08:45,,2019-04,99
1587668,27/11/2024 08:45,,2019-03,98
1587668,27/11/2024 08:45,,2019-02,97
1587668,27/11/2024 08:45,,2019-01,94
1587668,27/11/2024 08:45,,2018-12,89
1587668,27/11/2024 08:45,,2018-11,92
1587668,27/11/2024 08:45,,2018-10,96
1587668,27/11/2024 08:45,,2018-09,94
1587668,27/11/2024 08:45,,2018-08,97
1587668,27/11/2024 08:45,,2018-07,97
1587668,27/11/2024 08:45,,2018-06,97
1587668,27/11/2024 08:45,,2018-05,100
1587668,27/11/2024 08:45,,2018-04,102
1587668,27/11/2024 08:45,,2018-03,102
1587668,27/11/2024 08:45,,2018-02,101
1587668,27/11/2024 08:45,,2018-01,105
1587668,27/11/2024 08:45,,2017-12,107
1587668,27/11/2024 08:45,,2017-11,104
1587668,27/11/2024 08:45,,2017-10,100
1587668,27/11/2024 08:45,,2017-09,102
1587668,27/11/2024 08:45,,2017-08,103
1587668,27/11/2024 08:45,,2017-07,105
1587668,27/11/2024 08:45,,2017-06,109
1587668,27/11/2024 08:45,,2017-05,103
1587668,27/11/2024 08:45,,2017-04,101
1587668,27/11/2024 08:45,,2017-03,102
1587668,27/11/2024 08:45,,2017-02,102
1587668,27/11/2024 08:45,,2017-01,102
1587668,27/11/2024 08:45,,2016-12,101
1587668,27/11/2024 08:45,,2016-11,100
1587668,27/11/2024 08:45,,2016-10,99
1587668,27/11/2024 08:45,,2016-09,98
1587668,27/11/2024 08:45,,2016-08,97
1587668,27/11/2024 08:45,,2016-07,97
1587668,27/11/2024 08:45,,2016-06,97
1587668,27/11/2024 08:45,,2016-05,99
1587668,27/11/2024 08:45,,2016-04,95
1587668,27/11/2024 08:45,,2016-03,96
1587668,27/11/2024 08:45,,2016-02,97
1587668,27/11/2024 08:45,,2016-01,99
1587668,27/11/2024 08:45,,2015-12,98
1587668,27/11/2024 08:45,,2015-11,97
1587668,27/11/2024 08:45,,2015-10,97
1587668,27/11/2024 08:45,,2015-09,99
1587668,27/11/2024 08:45,,2015-08,95
1587668,27/11/2024 08:45,,2015-07,94
1587668,27/11/2024 08:45,,2015-06,95
1587668,27/11/2024 08:45,,2015-05,94
1587668,27/11/2024 08:45,,2015-04,96
1587668,27/11/2024 08:45,,2015-03,95
1587668,27/11/2024 08:45,,2015-02,93
1587668,27/11/2024 08:45,,2015-01,90
1587668,27/11/2024 08:45,,2014-12,91
1587668,27/11/2024 08:45,,2014-11,88
1587668,27/11/2024 08:45,,2014-10,87
1587668,27/11/2024 08:45,,2014-09,87
1587668,27/11/2024 08:45,,2014-08,87
1587668,27/11/2024 08:45,,2014-07,87
1587668,27/11/2024 08:45,,2014-06,86
1587668,27/11/2024 08:45,,2014-05,86
1587668,27/11/2024 08:45,,2014-04,86
1587668,27/11/2024 08:45,,2014-03,88
1587668,27/11/2024 08:45,,2014-02,86
1587668,27/11/2024 08:45,,2014-01,87
1587668,27/11/2024 08:45,,2013-12,86
1587668,27/11/2024 08:45,,2013-11,85
1587668,27/11/2024 08:45,,2013-10,88
1587668,27/11/2024 08:45,,2013-09,87
1587668,27/11/2024 08:45,,2013-08,86
1587668,27/11/2024 08:45,,2013-07,83
1587668,27/11/2024 08:45,,2013-06,80
1587668,27/11/2024 08:45,,2013-05,80
1587668,27/11/2024 08:45,,2013-04,83
1587668,27/11/2024 08:45,,2013-03,83
1587668,27/11/2024 08:45,,2013-02,85
1587668,27/11/2024 08:45,,2013-01,85
1587668,27/11/2024 08:45,,2012-12,86
1587668,27/11/2024 08:45,,2012-11,84
1587668,27/11/2024 08:45,,2012-10,84
1587668,27/11/2024 08:45,,2012-09,85
1587668,27/11/2024 08:45,,2012-08,87
1587668,27/11/2024 08:45,,2012-07,89
1587668,27/11/2024 08:45,,2012-06,93
1587668,27/11/2024 08:45,,2012-05,93
1587668,27/11/2024 08:45,,2012-04,91
1587668,27/11/2024 08:45,,2012-03,90
1587668,27/11/2024 08:45,,2012-02,85
1587668,27/11/2024 08:45,,2012-01,84
1587668,27/11/2024 08:45,,2011-12,83
1587668,27/11/2024 08:45,,2011-11,84
1587668,27/11/2024 08:45,,2011-10,87
1587668,27/11/2024 08:45,,2011-09,85
1587668,27/11/2024 08:45,,2011-08,86
1587668,27/11/2024 08:45,,2011-07,90
1587668,27/11/2024 08:45,,2011-06,87
1587668,27/11/2024 08:45,,2011-05,88
1587668,27/11/2024 08:45,,2011-04,86
1587668,27/11/2024 08:45,,2011-03,87
1587668,27/11/2024 08:45,,2011-02,90
1587668,27/11/2024 08:45,,2011-01,90
1587668,27/11/2024 08:45,,2010-12,91
1587668,27/11/2024 08:45,,2010-11,94
1587668,27/11/2024 08:45,,2010-10,92
1587668,27/11/2024 08:45,,2010-09,91
1587668,27/11/2024 08:45,,2010-08,90
1587668,27/11/2024 08:45,,2010-07,88
1587668,27/11/2024 08:45,,2010-06,87
1587668,27/11/2024 08:45,,2010-05,88
1587668,27/11/2024 08:45,,2010-04,90
1587668,27/11/2024 08:45,,2010-03,92
1587668,27/11/2024 08:45,,2010-02,93
1587668,27/11/2024 08:45,,2010-01,96
1587668,27/11/2024 08:45,,2009-12,95
1587668,27/11/2024 08:45,,2009-11,95
1587668,27/11/2024 08:45,,2009-10,92
1587668,27/11/2024 08:45,,2009-09,92
1587668,27/11/2024 08:45,,2009-08,91
1587668,27/11/2024 08:45,,2009-07,90
1587668,27/11/2024 08:45,,2009-06,91
1587668,27/11/2024 08:45,,2009-05,88
1587668,27/11/2024 08:45,,2009-04,87
1587668,27/11/2024 08:45,,2009-03,85
1587668,27/11/2024 08:45,,2009-02,85
1587668,27/11/2024 08:45,,2009-01,85
1587668,27/11/2024 08:45,,2008-12,84
1587668,27/11/2024 08:45,,2008-11,84
1587668,27/11/2024 08:45,,2008-10,83
1587668,27/11/2024 08:45,,2008-09,85
1587668,27/11/2024 08:45,,2008-08,84
1587668,27/11/2024 08:45,,2008-07,83
1587668,27/11/2024 08:45,,2008-06,83
1587668,27/11/2024 08:45,,2008-05,87
1587668,27/11/2024 08:45,,2008-04,90
1587668,27/11/2024 08:45,,2008-03,90
1587668,27/11/2024 08:45,,2008-02,91
1587668,27/11/2024 08:45,,2008-01,91
1587668,27/11/2024 08:45,,2007-12,95
1587668,27/11/2024 08:45,,2007-11,95
1587668,27/11/2024 08:45,,2007-10,101
1587668,27/11/2024 08:45,,2007-09,102
1587668,27/11/2024 08:45,,2007-08,105
1587668,27/11/2024 08:45,,2007-07,108
1587668,27/11/2024 08:45,,2007-06,110
1587668,27/11/2024 08:45,,2007-05,110
1587668,27/11/2024 08:45,,2007-04,103
1587668,27/11/2024 08:45,,2007-03,103
1587668,27/11/2024 08:45,,2007-02,101
1587668,27/11/2024 08:45,,2007-01,101
1587668,27/11/2024 08:45,,2006-12,100
1587668,27/11/2024 08:45,,2006-11,100
1587668,27/11/2024 08:45,,2006-10,101
1587668,27/11/2024 08:45,,2006-09,101
1587668,27/11/2024 08:45,,2006-08,99
1587668,27/11/2024 08:45,,2006-07,99
1587668,27/11/2024 08:45,,2006-06,97
1587668,27/11/2024 08:45,,2006-05,97
1587668,27/11/2024 08:45,,2006-04,98
1587668,27/11/2024 08:45,,2006-03,98
1587668,27/11/2024 08:45,,2006-02,100
1587668,27/11/2024 08:45,,2006-01,98
1587668,27/11/2024 08:45,,2005-12,97
1587668,27/11/2024 08:45,,2005-11,94
1587668,27/11/2024 08:45,,2005-10,93
1587668,27/11/2024 08:45,,2005-09,94
1587668,27/11/2024 08:45,,2005-08,95
1587668,27/11/2024 08:45,,2005-07,95
1587668,27/11/2024 08:45,,2005-06,96
1587668,27/11/2024 08:45,,2005-05,96
1587668,27/11/2024 08:45,,2005-04,99
1587668,27/11/2024 08:45,,2005-03,99
1587668,27/11/2024 08:45,,2005-02,100
1587668,27/11/2024 08:45,,2005-01,99
1587668,27/11/2024 08:45,,2004-12,100
1587668,27/11/2024 08:45,,2004-11,101
1587668,27/11/2024 08:45,,2004-10,103
1587668,27/11/2024 08:45,,2004-09,103
1587668,27/11/2024 08:45,,2004-08,102
1587668,27/11/2024 08:45,,2004-07,100
1587668,27/11/2024 08:45,,2004-06,101
1587668,27/11/2024 08:45,,2004-05,101
1587668,27/11/2024 08:45,,2004-04,103
1587668,27/11/2024 08:45,,2004-03,101
1587668,27/11/2024 08:45,,2004-02,100
1587668,27/11/2024 08:45,,2004-01,101
1587668,27/11/2024 08:45,,2003-12,100
1587668,27/11/2024 08:45,,2003-11,100
1587668,27/11/2024 08:45,,2003-10,100
1587668,27/11/2024 08:45,,2003-09,100
1587668,27/11/2024 08:45,,2003-08,101
1587668,27/11/2024 08:45,,2003-07,101
1587668,27/11/2024 08:45,,2003-06,101
1587668,27/11/2024 08:45,,2003-05,102
1587668,27/11/2024 08:45,,2003-04,100
1587668,27/11/2024 08:45,,2003-03,98
1587668,27/11/2024 08:45,,2003-02,103
1587668,27/11/2024 08:45,,2003-01,105
1587668,27/11/2024 08:45,,2002-12,109
1587668,27/11/2024 08:45,,2002-11,109
1587668,27/11/2024 08:45,,2002-10,109
1587668,27/11/2024 08:45,,2002-09,108
1587668,27/11/2024 08:45,,2002-08,109
1587668,27/11/2024 08:45,,2002-07,110
1587668,27/11/2024 08:45,,2002-06,113
1587668,27/11/2024 08:45,,2002-05,114
1587668,27/11/2024 08:45,,2002-04,110
1587668,27/11/2024 08:45,,2002-03,112
1587668,27/11/2024 08:45,,2002-02,111
1587668,27/11/2024 08:45,,2002-01,112
1587668,27/11/2024 08:45,,2001-12,112
1587668,27/11/2024 08:45,,2001-11,112
1587668,27/11/2024 08:45,,2001-10,111
1587668,27/11/2024 08:45,,2001-09,110
1587668,27/11/2024 08:45,,2001-08,112
1587668,27/11/2024 08:45,,2001-07,114
1587668,27/11/2024 08:45,,2001-06,114
1587668,27/11/2024 08:45,,2001-05,116
1587668,27/11/2024 08:45,,2001-04,121
1587668,27/11/2024 08:45,,2001-03,122
1587668,27/11/2024 08:45,,2001-02,124
1587668,27/11/2024 08:45,,2001-01,126
1587668,27/11/2024 08:45,,2000-12,123
1587668,27/11/2024 08:45,,2000-11,120
1587668,27/11/2024 08:45,,2000-10,120
1587668,27/11/2024 08:45,,2000-09,118
1587668,27/11/2024 08:45,,2000-08,121
1587668,27/11/2024 08:45,,2000-07,124
1587668,27/11/2024 08:45,,2000-06,123
1587668,27/11/2024 08:45,,2000-05,123
1587668,27/11/2024 08:45,,2000-04,123
1587668,27/11/2024 08:45,,2000-03,120
1587668,27/11/2024 08:45,,2000-02,119
1587668,27/11/2024 08:45,,2000-01,119
1587668,27/11/2024 08:45,,1999-12,120
1587668,27/11/2024 08:45,,1999-11,122
1587668,27/11/2024 08:45,,1999-10,120
1587668,27/11/2024 08:45,,1999-09,120
1587668,27/11/2024 08:45,,1999-08,118
1587668,27/11/2024 08:45,,1999-07,116
1587668,27/11/2024 08:45,,1999-06,115
1587668,27/11/2024 08:45,,1999-05,113
1587668,27/11/2024 08:45,,1999-04,113
1587668,27/11/2024 08:45,,1999-03,114
1587668,27/11/2024 08:45,,1999-02,115
1587668,27/11/2024 08:45,,1999-01,114
1587668,27/11/2024 08:45,,1998-12,113
1587668,27/11/2024 08:45,,1998-11,114
1587668,27/11/2024 08:45,,1998-10,116
1587668,27/11/2024 08:45,,1998-09,117
1587668,27/11/2024 08:45,,1998-08,116
1587668,27/11/2024 08:45,,1998-07,114
1587668,27/11/2024 08:45,,1998-06,111
1587668,27/11/2024 08:45,,1998-05,111
1587668,27/11/2024 08:45,,1998-04,108
1587668,27/11/2024 08:45,,1998-03,109
1587668,27/11/2024 08:45,,1998-02,105
1587668,27/11/2024 08:45,,1998-01,103
1587668,27/11/2024 08:45,,1997-12,107
1587668,27/11/2024 08:45,,1997-11,107
1587668,27/11/2024 08:45,,1997-10,108
1587668,27/11/2024 08:45,,1997-09,108
1587668,27/11/2024 08:45,,1997-08,107
1587668,27/11/2024 08:45,,1997-07,105
1587668,27/11/2024 08:45,,1997-06,107
1587668,27/11/2024 08:45,,1997-05,99
1587668,27/11/2024 08:45,,1997-04,100
1587668,27/11/2024 08:45,,1997-03,99
1587668,27/11/2024 08:45,,1997-02,101
1587668,27/11/2024 08:45,,1997-01,99
1587668,27/11/2024 08:45,,1996-12,99
1587668,27/11/2024 08:45,,1996-11,97
1587668,27/11/2024 08:45,,1996-10,96
1587668,27/11/2024 08:45,,1996-09,95
1587668,27/11/2024 08:45,,1996-08,94
1587668,27/11/2024 08:45,,1996-07,94
1587668,27/11/2024 08:45,,1996-06,95
1587668,27/11/2024 08:45,,1996-05,95
1587668,27/11/2024 08:45,,1996-04,97
1587668,27/11/2024 08:45,,1996-03,98
1587668,27/11/2024 08:45,,1996-02,97
1587668,27/11/2024 08:45,,1996-01,97
1587668,27/11/2024 08:45,,1995-12,94
1587668,27/11/2024 08:45,,1995-11,98
1587668,27/11/2024 08:45,,1995-10,99
1587668,27/11/2024 08:45,,1995-09,102
1587668,27/11/2024 08:45,,1995-08,106
1587668,27/11/2024 08:45,,1995-07,110
1587668,27/11/2024 08:45,,1995-06,113
1587668,27/11/2024 08:45,,1995-05,111
1587668,27/11/2024 08:45,,1995-04,109
1587668,27/11/2024 08:45,,1995-03,108
1587668,27/11/2024 08:45,,1995-02,109
1587668,27/11/2024 08:45,,1995-01,109
1587668,27/11/2024 08:45,,1994-12,111
1587668,27/11/2024 08:45,,1994-11,110
1587668,27/11/2024 08:45,,1994-10,111
1587668,27/11/2024 08:45,,1994-09,111
1587668,27/11/2024 08:45,,1994-08,109
1587668,27/11/2024 08:45,,1994-07,107
1587668,27/11/2024 08:45,,1994-06,106
1587668,27/11/2024 08:45,,1994-05,107
1587668,27/11/2024 08:45,,1994-04,105
1587668,27/11/2024 08:45,,1994-03,103
1587668,27/11/2024 08:45,,1994-02,103
1587668,27/11/2024 08:45,,1994-01,103
1587668,27/11/2024 08:45,,1993-12,101
1587668,27/11/2024 08:45,,1993-11,99
1587668,27/11/2024 08:45,,1993-10,97
1587668,27/11/2024 08:45,,1993-09,96
1587668,27/11/2024 08:45,,1993-08,96
1587668,27/11/2024 08:45,,1993-07,95
1587668,27/11/2024 08:45,,1993-06,96
1587668,27/11/2024 08:45,,1993-05,96
1587668,27/11/2024 08:45,,1993-04,105
1587668,27/11/2024 08:45,,1993-03,101
1587668,27/11/2024 08:45,,1993-02,100
1587668,27/11/2024 08:45,,1993-01,100
1587668,27/11/2024 08:45,,1992-12,101
1587668,27/11/2024 08:45,,1992-11,103
1587668,27/11/2024 08:45,,1992-10,104
1587668,27/11/2024 08:45,,1992-09,102
1587668,27/11/2024 08:45,,1992-08,102
1587668,27/11/2024 08:45,,1992-07,101
1587668,27/11/2024 08:45,,1992-06,102
1587668,27/11/2024 08:45,,1992-05,103
1587668,27/11/2024 08:45,,1992-04,103
1587668,27/11/2024 08:45,,1992-03,103
1587668,27/11/2024 08:45,,1992-02,103
1587668,27/11/2024 08:45,,1992-01,102
1587668,27/11/2024 08:45,,1991-12,101
1587668,27/11/2024 08:45,,1991-11,102
1587668,27/11/2024 08:45,,1991-10,102
1587668,27/11/2024 08:45,,1991-09,102
1587668,27/11/2024 08:45,,1991-08,102
1587668,27/11/2024 08:45,,1991-07,102
1587668,27/11/2024 08:45,,1991-06,103
1587668,27/11/2024 08:45,,1991-05,104
1587668,27/11/2024 08:45,,1991-04,104
1587668,27/11/2024 08:45,,1991-03,108
1587668,27/11/2024 08:45,,1991-02,102
1587668,27/11/2024 08:45,,1991-01,102
1587668,27/11/2024 08:45,,1990-12,105
1587668,27/11/2024 08:45,,1990-11,104
1587668,27/11/2024 08:45,,1990-10,105
1587668,27/11/2024 08:45,,1990-09,103
1587668,27/11/2024 08:45,,1990-08,108
1587668,27/11/2024 08:45,,1990-07,112
1587668,27/11/2024 08:45,,1990-06,112
1587668,27/11/2024 08:45,,1990-05,109
1587668,27/11/2024 08:45,,1990-04,111
1587668,27/11/2024 08:45,,1990-03,113
1587668,27/11/2024 08:45,,1990-02,112
1587668,27/11/2024 08:45,,1990-01,114
1587668,27/11/2024 08:45,,1989-12,114
1587668,27/11/2024 08:45,,1989-11,112
1587668,27/11/2024 08:45,,1989-10,111
1587668,27/11/2024 08:45,,1989-09,111
1587668,27/11/2024 08:45,,1989-08,111
1587668,27/11/2024 08:45,,1989-07,111
1587668,27/11/2024 08:45,,1989-06,110
1587668,27/11/2024 08:45,,1989-05,110
1587668,27/11/2024 08:45,,1989-04,111
1587668,27/11/2024 08:45,,1989-03,110
1587668,27/11/2024 08:45,,1989-02,112
1587668,27/11/2024 08:45,,1989-01,113
1587668,27/11/2024 08:45,,1988-12,111
1587668,27/11/2024 08:45,,1988-11,114
1587668,27/11/2024 08:45,,1988-10,112
1587668,27/11/2024 08:45,,1988-09,112
1587668,27/11/2024 08:45,,1988-08,112
1587668,27/11/2024 08:45,,1988-07,112
1587668,27/11/2024 08:45,,1988-06,111
1587668,27/11/2024 08:45,,1988-05,111
1587668,27/11/2024 08:45,,1988-04,108
1587668,27/11/2024 08:45,,1988-03,109
1587668,27/11/2024 08:45,,1988-02,108
1587668,27/11/2024 08:45,,1988-01,108
1587668,27/11/2024 08:45,,1987-12,107
1587668,27/11/2024 08:45,,1987-11,105
1587668,27/11/2024 08:45,,1987-10,105
1587668,27/11/2024 08:45,,1987-09,105
1587668,27/11/2024 08:45,,1987-08,103
1587668,27/11/2024 08:45,,1987-07,102
1587668,27/11/2024 08:45,,1987-06,101
1587668,27/11/2024 08:45,,1987-05,100
1587668,27/11/2024 08:45,,1987-04,102
1587668,27/11/2024 08:45,,1987-03,101
1587668,27/11/2024 08:45,,1987-02,102
1587668,27/11/2024 08:45,,1987-01,102
1587668,27/11/2024 08:45,,1986-12,105
1587668,27/11/2024 08:45,,1986-11,105
1587668,27/11/2024 08:45,,1986-10,107
1587668,27/11/2024 08:45,,1986-09,106
1587668,27/11/2024 08:45,,1986-08,106
1587668,27/11/2024 08:45,,1986-07,106
1587668,27/11/2024 08:45,,1986-06,105
1587668,27/11/2024 08:45,,1986-05,111
1587668,27/11/2024 08:45,,1986-04,108
1587668,27/11/2024 08:45,,1986-03,109
1587668,27/11/2024 08:45,,1986-02,109
1587668,27/11/2024 08:45,,1986-01,108
1587668,27/11/2024 08:45,,1985-12,106
1587668,27/11/2024 08:45,,1985-11,105
1587668,27/11/2024 08:45,,1985-10,104
1587668,27/11/2024 08:45,,1985-09,103
1587668,27/11/2024 08:45,,1985-08,102
1587668,27/11/2024 08:45,,1985-07,101
1587668,27/11/2024 08:45,,1985-06,100
1587668,27/11/2024 08:45,,1985-05,99
1587668,27/11/2024 08:45,,1985-04,98
1587668,27/11/2024 08:45,,1985-03,97
1587668,27/11/2024 08:45,,1985-02,97
1587668,27/11/2024 08:45,,1985-01,96
1587668,27/11/2024 08:45,,1984-12,95
1587668,27/11/2024 08:45,,1984-11,95
1587668,27/11/2024 08:45,,1984-10,95
1587668,27/11/2024 08:45,,1984-09,96
1587668,27/11/2024 08:45,,1984-08,96
1587668,27/11/2024 08:45,,1984-07,96
1587668,27/11/2024 08:45,,1984-06,96
1587668,27/11/2024 08:45,,1984-05,96
1587668,27/11/2024 08:45,,1984-04,97
1587668,27/11/2024 08:45,,1984-03,98
1587668,27/11/2024 08:45,,1984-02,99
1587668,27/11/2024 08:45,,1984-01,100
1587668,27/11/2024 08:45,,1983-12,101
1587668,27/11/2024 08:45,,1983-11,101
1587668,27/11/2024 08:45,,1983-10,102
1587668,27/11/2024 08:45,,1983-09,102
1587668,27/11/2024 08:45,,1983-08,101
1587668,27/11/2024 08:45,,1983-07,101
1587668,27/11/2024 08:45,,1983-06,100
1587668,27/11/2024 08:45,,1983-05,100
1587668,27/11/2024 08:45,,1983-04,103
1587668,27/11/2024 08:45,,1983-03,108
1587668,27/11/2024 08:45,,1983-02,110
1587668,27/11/2024 08:45,,1983-01,110
1587668,27/11/2024 08:45,,1982-12,107
1587668,27/11/2024 08:45,,1982-11,106
1587668,27/11/2024 08:45,,1982-10,107
1587668,27/11/2024 08:45,,1982-09,108
1587668,27/11/2024 08:45,,1982-08,110
1587668,27/11/2024 08:45,,1982-07,112
1587668,27/11/2024 08:45,,1982-06,113
1587668,27/11/2024 08:45,,1982-05,114
1587668,27/11/2024 08:45,,1982-04,114
1587668,27/11/2024 08:45,,1982-03,115
1587668,27/11/2024 08:45,,1982-02,114
1587668,27/11/2024 08:45,,1982-01,113
1587668,27/11/2024 08:45,,1981-12,112
1587668,27/11/2024 08:45,,1981-11,111
1587668,27/11/2024 08:45,,1981-10,110
1587668,27/11/2024 08:45,,1981-09,111
1587668,27/11/2024 08:45,,1981-08,111
1587668,27/11/2024 08:45,,1981-07,112
1587668,27/11/2024 08:45,,1981-06,112
1587668,27/11/2024 08:45,,1981-05,112
1587668,27/11/2024 08:45,,1981-04,110
1587668,27/11/2024 08:45,,1981-03,106
1587668,27/11/2024 08:45,,1981-02,105
1587668,27/11/2024 08:45,,1981-01,104
1587668,27/11/2024 08:45,,1980-12,106
1587668,27/11/2024 08:45,,1980-11,107
1587668,27/11/2024 08:45,,1980-10,107
1587668,27/11/2024 08:45,,1980-09,106
1587668,27/11/2024 08:45,,1980-08,106
1587668,27/11/2024 08:45,,1980-07,106
1587668,27/11/2024 08:45,,1980-06,106
1587668,27/11/2024 08:45,,1980-05,106
1587668,27/11/2024 08:45,,1980-04,106
1587668,27/11/2024 08:45,,1980-03,106
1587668,27/11/2024 08:45,,1980-02,106
1587668,27/11/2024 08:45,,1980-01,107
1587668,27/11/2024 08:45,,1979-12,109
1587668,27/11/2024 08:45,,1979-11,111
1587668,27/11/2024 08:45,,1979-10,111
1587668,27/11/2024 08:45,,1979-09,111
1587668,27/11/2024 08:45,,1979-08,111
1587668,27/11/2024 08:45,,1979-07,111
1587668,27/11/2024 08:45,,1979-06,111
1587668,27/11/2024 08:45,,1979-05,111
1587668,27/11/2024 08:45,,1979-04,112
1587668,27/11/2024 08:45,,1979-03,112
1587668,27/11/2024 08:45,,1979-02,113
1587668,27/11/2024 08:45,,1979-01,114
1587668,27/11/2024 08:45,,1978-12,115
1587668,27/11/2024 08:45,,1978-11,115
1587668,27/11/2024 08:45,,1978-10,116
1587668,27/11/2024 08:45,,1978-09,117
1587668,27/11/2024 08:45,,1978-08,117
1587668,27/11/2024 08:45,,1978-07,118
1587668,27/11/2024 08:45,,1978-06,118
1587668,27/11/2024 08:45,,1978-05,119
1587668,27/11/2024 08:45,,1978-04,119
1587668,27/11/2024 08:45,,1978-03,120
1587668,27/11/2024 08:45,,1978-02,120
1587668,27/11/2024 08:45,,1978-01,120
1587668,27/11/2024 08:45,,1977-12,119
1587668,27/11/2024 08:45,,1977-11,118
1587668,27/11/2024 08:45,,1977-10,117
1587668,27/11/2024 08:45,,1977-09,116
1587668,27/11/2024 08:45,,1977-08,115
1587668,27/11/2024 08:45,,1977-07,114
1587668,27/11/2024 08:45,,1977-06,112
1587668,27/11/2024 08:45,,1977-05,112
1587668,27/11/2024 08:45,,1977-04,113
1587668,27/11/2024 08:45,,1977-03,115
1587668,27/11/2024 08:45,,1977-02,117
1587668,27/11/2024 08:45,,1977-01,117
1587668,27/11/2024 08:45,,1976-12,116
1587668,27/11/2024 08:45,,1976-11,115
1587668,27/11/2024 08:45,,1976-10,116
1587668,27/11/2024 08:45,,1976-09,117
1587668,27/11/2024 08:45,,1976-08,118
1587668,27/11/2024 08:45,,1976-07,119
1587668,27/11/2024 08:45,,1976-06,121
1587668,27/11/2024 08:45,,1976-05,121
1587668,27/11/2024 08:45,,1976-04,121
1587668,27/11/2024 08:45,,1976-03,120
1587668,27/11/2024 08:45,,1976-02,119
1587668,27/11/2024 08:45,,1976-01,119
1587668,27/11/2024 08:45,,1975-12,119
1587668,27/11/2024 08:45,,1975-11,119
1587668,27/11/2024 08:45,,1975-10,119
1587668,27/11/2024 08:45,,1975-09,118
1587668,27/11/2024 08:45,,1975-08,117
1587668,27/11/2024 08:45,,1975-07,117
1587668,27/11/2024 08:45,,1975-06,116
1587668,27/11/2024 08:45,,1975-05,116
1587668,27/11/2024 08:45,,1975-04,115
1587668,27/11/2024 08:45,,1975-03,115
1587668,27/11/2024 08:45,,1975-02,114
1587668,27/11/2024 08:45,,1975-01,112
1587668,27/11/2024 08:45,,1974-12,109
1587668,27/11/2024 08:45,,1974-11,107
1587668,27/11/2024 08:45,,1974-10,108
1587668,27/11/2024 08:45,,1974-09,110
1587668,27/11/2024 08:45,,1974-08,112
1587668,27/11/2024 08:45,,1974-07,114
1587668,27/11/2024 08:45,,1974-06,117
1587668,27/11/2024 08:45,,1974-05,117
1587668,27/11/2024 08:45,,1974-04,115
1587668,27/11/2024 08:45,,1974-03,110
1587668,27/11/2024 08:45,,1974-02,110
1587668,27/11/2024 08:45,,1974-01,112
1587668,27/11/2024 08:45,,1973-12,118
1587668,27/11/2024 08:45,,1973-11,123
1587668,27/11/2024 08:45,,1973-10,125
1587668,27/11/2024 08:45,,1973-09,125
1587668,27/11/2024 08:45,,1973-08,126
1587668,27/11/2024 08:45,,1973-07,127
1587668,27/11/2024 08:45,,1973-06,129
1587668,27/11/2024 08:45,,1973-05,131
1587668,27/11/2024 08:45,,1973-04,131
1587668,27/11/2024 08:45,,1973-03,131
1587668,27/11/2024 08:45,,1973-02,130
1587668,27/11/2024 08:45,,1973-01,130
1587668,27/11/2024 08:45,,1972-12,129
1587668,27/11/2024 08:45,,1972-11,128
1587668,27/11/2024 08:45,,1972-10,127
