Évolution du produit intérieur brut et de ses composantes,Unnamed: 1,Unnamed: 2,Unnamed: 3,Unnamed: 4,Unnamed: 5,Unnamed: 6,Unnamed: 7,Unnamed: 8,Unnamed: 9,Unnamed: 10,Unnamed: 11,Unnamed: 12
,,,,,,,,,,,,
par rapport au trimestre précédent en volume en %,,,,,,,,,,,,
Trimestre,Produit intérieur brut (PIB),Importations,Dépense de consommation des ménages,Dépense de consommation des APU1,Formation brute de capital fixe,dont : ,,,Exportations,Contributions :,,
,,,,,,Entreprises non financières,ménages,APU1,,Demande intérieure finale hors stocks,Variations de stocks,Commerce extérieur
2024-T3,0.38673043,-0.58997635,0.61082849,0.561647823766309,-0.70623382,-1.22812782,-0.64536366,0.53916239,-0.7585423,0.30501223,0.13488903,-0.05317084
2024-T2,0.18435558,0.09322543,-0.041007,0.559299807874103,-0.13271267,-0.21635581,-0.9098778,0.72746631,0.63905974,0.09379672,-0.09698883,0.18754769
2024-T1,0.20867058,0.11471921,0.07418753,0.692141400741897,-0.59945197,-0.86458746,-1.9782313,1.1334185,0.53769664,0.08166046,0.04098333,0.08602679
2023-T4,0.44721837,-1.97374098,0.29636742,0.446007217544175,-0.84232798,-0.8452764,-1.95257937,0.16861255,0.70522866,0.07245911,-0.66264608,1.03740534
2023-T3,0.05017186,-0.52175487,0.5304911,0.532102922845068,-0.07590901,0.53017343,-2.32988386,0.63904203,-0.92162767,0.39094514,-0.20300358,-0.1377697
2023-T2,0.67857534,1.75070798,0.02468765,0.0993252093589137,0.54561279,0.84368559,-1.50601901,2.37153699,3.23315298,0.17011943,0.01621052,0.49224538
2023-T1,0.05363757,-2.00987463,0.12970718,-0.324235355266656,-0.2721089,0.05824619,-2.9317244,2.37687704,-1.46649902,-0.07284584,-0.09622805,0.22271147
2022-T4,0.09127002,-0.36050864,-0.25559716,0.726728785565145,0.43546014,0.96455754,-1.6328006,2.27332226,0.53662454,0.15566269,-0.37015856,0.30576589
2022-T3,0.46348654,4.83016652,0.59657889,0.388552407648413,1.2000243,2.97140054,-2.41802731,1.72062241,3.30659486,0.6839146,0.34005588,-0.56048393
2022-T2,0.46805056,0.54126046,1.38832057,-0.405670665212654,-0.36694445,0.50294136,-1.1555233,-0.5911299,-0.84906261,0.53630452,0.39305735,-0.46131131
2022-T1,-0.15107659,1.87333026,-1.01785213,0.275566442131048,0.1774431,0.85209583,-0.08112401,0.12973802,2.05797097,-0.40473545,0.20478562,0.04887323
2021-T4,0.58874236,4.76197748,-0.20329587,0.967186326900138,-0.86380025,-0.14124872,-1.76373136,-0.87680789,4.49274949,-0.00803751,0.70415968,-0.10737981
2021-T3,2.82052049,0.53481553,4.71508817,2.69666124569941,-0.70498518,-0.42992099,-0.89705602,-0.89419807,2.92164605,3.00302121,-0.87613776,0.69363704
2021-T2,1.28812198,1.57146453,2.58381747,0.767151549972578,2.03770768,1.49761082,4.26304594,0.29948578,0.6780729,1.98225099,-0.41394545,-0.28018356
2021-T1,0.37479671,2.09238279,0.23098976,-0.0117507278923124,0.55257495,0.63610257,0.26274711,-0.52619318,1.2444078,0.28446064,0.39360125,-0.30326518
2020-T4,-0.10508453,0.79446582,-5.86658385,0.212617021137396,4.7024078,3.48228753,10.67205241,1.42710158,6.81229329,-2.08666709,0.29378074,1.68780183
2020-T3,15.62258626,15.41393519,17.54118103,14.9490893230459,17.08694756,19.67679153,20.68634037,9.94597424,17.78801443,17.04127505,-1.55103233,0.13234354
2020-T2,-12.30435646,-16.55383188,-10.28664825,-10.3341784442766,-12.56161333,-12.11509725,-18.18317939,-9.21070968,-22.74667739,-10.87070204,0.31867228,-1.7523267
2020-T1,-5.09952725,-5.57705368,-5.30106874,-3.29429562586401,-6.30461741,-7.4017801,-5.41846666,-4.47474938,-7.46081767,-5.03007059,0.5112721,-0.58072876
2019-T4,-0.52086962,-1.87103017,-0.09009732,-0.295169364800729,-0.01543009,0.79548168,-0.9545911,-0.2904323,-1.32040187,-0.12478802,-0.59691199,0.20083039
2019-T3,0.03117833,-0.575015,-0.05664151,0.110648268680036,1.07967955,0.97177855,1.67259888,0.80359099,-1.00569377,0.23840476,-0.06997758,-0.13724885
2019-T2,0.59374522,0.01887277,0.74011982,0.288515515868348,1.45682521,1.35339433,0.67447459,2.26802927,-0.37674712,0.78245188,-0.05619557,-0.13251109
2019-T1,0.84011783,2.6390605,0.97068054,0.295259481364618,0.66104864,-0.02212912,-0.19463173,2.57526417,1.63484334,0.73133551,0.45349158,-0.34470927
2018-T4,0.79050692,0.41224038,0.18713273,0.586077691512399,1.49770257,0.59815887,1.94569416,2.90360306,1.63626535,0.57455288,-0.18569999,0.40165403
2018-T3,0.49241644,-0.76460435,0.16829973,0.059960729017039,0.98284571,1.00077308,0.41142719,1.36979826,0.70136025,0.3205539,-0.31835739,0.49021994
2018-T2,0.21408439,1.03748359,0.0227618,0.360399679938639,0.99116631,1.37900774,0.24732774,1.24677582,0.36283796,0.31226885,0.13159823,-0.22978269
2018-T1,-0.08271738,0.75004582,0.43193885,-0.153182835599164,0.11838457,0.50284448,-0.47908679,0.53922684,-0.16475903,0.20788165,0.01635104,-0.30695006
2017-T4,0.61699642,0.71989436,0.08392764,0.158054148425402,0.9778562,1.7954088,0.65561602,-0.3102428,2.04986174,0.28904502,-0.09857996,0.42653136
2017-T3,0.7448311,2.11261857,0.67295023,0.518499807224426,1.38933419,2.01927722,0.99471673,0.25107055,1.23028865,0.77267264,0.26045787,-0.28829941
2017-T2,0.89506605,0.67321239,0.44177489,0.551437413524591,0.8718598,0.90716674,1.75408787,-0.77328544,2.34530305,0.5565227,-0.18699556,0.52553891
2017-T1,0.68636549,1.39925594,0.33766156,0.24993969283551,1.75285257,2.20804994,2.10911354,-0.62484015,0.66965012,0.61609397,0.30228051,-0.23200899
2016-T4,0.5177527,0.84722966,0.75314319,0.492916015730227,0.63436729,0.21274466,1.32535638,0.30027919,1.00606476,0.65986414,-0.18591943,0.04380799
2016-T3,0.12138578,2.90661343,0.02432591,0.637011737280102,0.55447359,0.18981435,1.3110913,-0.19098759,0.92761173,0.29295802,0.46641586,-0.6379881
2016-T2,-0.24580665,-1.99392972,0.08830063,0.222090914647821,-0.46304034,-1.22989477,0.54332753,-0.15888302,-0.18838393,0.01190973,-0.84978223,0.59206585
2016-T1,0.40137226,0.51194937,1.03466572,0.446163606966699,0.80298961,1.62267968,-0.96607986,0.39021675,-0.4001039,0.81751019,-0.14921779,-0.26692014
2015-T4,0.22524693,2.82015901,-0.04996127,0.358759131583808,1.78243955,1.64533267,2.6777612,1.20877509,1.69703259,0.44058167,0.17517024,-0.39050498
2015-T3,0.2665857,1.53585465,0.48493202,0.26015925315761,0.83766404,1.09898583,0.85495616,0.03348269,-0.06554753,0.50082649,0.28674587,-0.52098667
2015-T2,0.04906106,0.41495538,0.12182369,0.17879246321002,-0.37922112,0.46115844,-1.04311537,-2.10523532,1.82554588,0.03811841,-0.42643665,0.43737929
2015-T1,0.56770633,2.07060307,0.46022758,0.183943838570344,0.68270311,1.27328856,0.12250336,-0.10948362,1.29867593,0.43763644,0.37986164,-0.24979176
2014-T4,-0.2001512,0.80798142,0.66204643,0.291575405407274,-1.36513152,-1.17273064,-1.81769722,-2.13755595,0.89527519,0.14233569,-0.35931815,0.01683126
2014-T3,0.60494013,1.7345632,0.22059862,0.426042729171439,0.45437721,1.71752907,-1.43558107,-1.3856826,1.20549002,0.32956464,0.45838994,-0.18301445
2014-T2,0.15096566,0.6362386,0.64363781,0.295073524806355,-0.16750141,0.41373598,-1.06800529,-1.94351302,-0.16044194,0.38873848,0.01511547,-0.25288828
2014-T1,-0.09795005,0.89094537,-0.2942984,0.257458625212803,-1.43386804,-1.73173532,-2.2159626,-1.60724644,0.27535147,-0.38274028,0.47653335,-0.19174311
2013-T4,0.72240319,1.16091598,0.52348861,0.330411894828209,1.17625442,1.81020673,0.8948915,-0.64227319,1.71339354,0.62192831,-0.05661357,0.15708845
2013-T3,-0.01764877,0.69273129,0.11288402,0.28290826892432,0.56518555,1.2914287,0.65465199,-1.0541292,-0.21744218,0.25911525,0.01186349,-0.28862751
2013-T2,0.87621164,2.25994055,0.32252523,0.603128641548079,0.65707401,0.89958358,1.50316172,0.29712397,2.4114483,0.46506112,0.38620323,0.02494729
2013-T1,0.07490978,0.77702555,0.01796673,0.478282158088583,-0.86311612,-1.07797579,-0.82690906,1.13951667,0.2863922,-0.0564599,0.28652726,-0.15515758
2012-T4,0.00813596,-0.89211703,0.25297908,0.383237286566041,-0.54847108,-0.59251323,-0.62554873,0.69874518,0.20170708,0.1111514,-0.44405616,0.34104071
2012-T3,0.22484907,0.7677273,0.11313233,0.284316176733213,0.40368349,0.70315968,-0.19515588,0.7700965,0.30985742,0.2189426,0.15151873,-0.14561225
2012-T2,-0.43311988,0.77168505,-0.15751825,0.467943703214591,-0.83499799,-0.98144211,-2.23438402,0.59480868,0.3853287,-0.14794253,-0.16313251,-0.12204484
2012-T1,0.03038458,0.48696902,0.14303681,0.474490715702181,-0.87559459,-2.16162109,-0.07082892,0.09106553,0.34842164,-0.00182149,0.05207929,-0.01987322
2011-T4,0.3063145,-0.87955329,-0.21240866,0.267524673728348,1.15682494,1.53036773,0.11385009,0.64224181,1.51629755,0.20372507,-0.59860123,0.70119067
2011-T3,0.35022461,0.53874901,0.03572726,0.630829901482843,0.50915973,0.68683544,0.26277891,-0.72665596,1.15848646,0.28171273,-0.10508269,0.17359456
2011-T2,-0.00498348,-1.49669484,-1.35708849,0.206335897342425,0.38047887,0.79403433,-0.11596987,-0.89507779,0.89456107,-0.58710175,-0.12360676,0.70572504
2011-T1,1.30048159,4.00148059,0.70433319,0.540251286487115,0.07434769,1.23328676,0.33392975,-3.60059489,2.30096977,0.52679433,1.30750552,-0.53381826
2010-T4,0.6180199,0.80835087,0.82869854,0.199049556729114,0.45451687,1.3772118,0.24806614,-1.79693371,1.66190016,0.59767167,-0.20889395,0.22924217
2010-T3,0.6588205,3.14790458,0.75273068,0.407094656882623,1.56786129,2.18620062,1.92650356,-0.09221927,1.16759435,0.85041881,0.36302395,-0.55462226
2010-T2,0.50568885,3.90857298,0.2644824,0.132924712919547,0.84174566,1.47022597,0.83856475,-0.18082984,3.26434199,0.37663454,0.30660495,-0.17755064
2010-T1,0.23382495,0.84191253,0.21359198,-0.0420751151529508,0.39346218,0.99288142,0.36987816,-0.40952179,3.39719716,0.21547336,-0.66462591,0.6829775
2009-T4,0.81147765,4.23329979,0.838402,0.51044634377968,0.57974333,0.80537995,0.1553143,1.25793251,1.05473007,0.73365531,0.96322384,-0.88540149
2009-T3,0.16832593,-0.68275034,0.02746953,0.546806812332612,-0.6142416,-0.65138074,-1.3301789,0.83226985,0.51558844,0.0474406,-0.20772584,0.32861117
2009-T2,0.17328116,-1.71645708,0.59342321,0.908584505133847,-2.51795598,-3.53912445,-3.14386098,0.68965861,-0.15962305,0.01694569,-0.28811732,0.44445279
2009-T1,-1.9604224,-5.94608928,-0.24448216,0.802051795700631,-4.46856156,-6.75684458,-5.93099442,2.74643238,-6.54982123,-0.92382591,-0.94258212,-0.09401437
2008-T4,-1.21471289,-3.15321841,-0.30678818,0.763831544178362,-2.79393303,-4.20702708,-3.92819723,2.21965688,-3.95152997,-0.60338509,-0.41267415,-0.19865365
2008-T3,-0.23384926,0.38432565,0.0980976,0.612345375099999,-0.82309535,-0.39156533,-2.57359464,0.00134154,-1.50356905,0.00759099,0.31049354,-0.55193379
2008-T2,-0.67949559,-1.00085459,-0.06764161,0.154092702169617,-1.21748289,-1.36133316,-1.71634672,-0.94396983,-2.57992279,-0.28725579,0.0774136,-0.4696534
2008-T1,0.85720418,1.35517604,-0.29741332,-0.016177116313465,2.13590983,3.03679654,0.80232324,1.15367324,3.73453849,0.30908721,-0.13434546,0.68246243
2007-T4,0.05189399,-0.31280684,0.31855375,0.133446467139775,0.26714952,0.66775417,-0.62413756,0.00348145,-0.38403434,0.25271796,-0.1829885,-0.01783547
2007-T3,0.28417224,1.48534566,0.7383476,0.379403794037936,0.91967792,2.06660735,-0.43471376,-0.06990368,0.53097721,0.68804232,-0.11631837,-0.28755172
2007-T2,0.64944217,2.3444836,1.01966584,0.566881063992142,1.02409333,1.79462898,0.79714506,-0.02240593,1.50902438,0.91332134,-0.0131278,-0.25075138
2007-T1,1.06587263,0.59835973,0.83710319,0.618178684196091,2.05197148,3.25995405,1.49829942,0.99727164,0.16305571,1.07044338,0.13101038,-0.13558113
2006-T4,0.54273081,2.45459137,0.30183287,0.535631296621575,1.42506417,2.48823355,0.22305974,0.93900832,2.76969231,0.61984499,-0.16786734,0.09075316
2006-T3,0.0996626,-0.31683294,0.31115556,0.00708974035794618,0.59396031,0.76857593,0.79493068,-0.2572508,-2.27973069,0.31446757,0.3591226,-0.57392758
2006-T2,1.21491918,1.9868195,0.91139592,0.344642236064119,2.20393981,2.85905572,1.69596881,0.80733496,1.54028082,1.04309778,0.2867773,-0.1149559
2006-T1,0.83573509,0.77663945,0.92420657,0.637996595230139,1.04923406,0.61314309,2.22546066,-0.51240407,1.93339482,0.86338991,-0.35522183,0.32756701
2005-T4,0.69835444,3.01071312,0.95123461,0.0883793144631495,0.53204505,0.31805248,1.56424569,-0.96631245,2.4419915,0.6367822,0.19527279,-0.13370054
2005-T3,0.7587199,2.11840326,0.48091163,0.405314658480438,1.62690618,1.2444566,2.36097373,1.46062559,2.18629538,0.69285893,0.02859927,0.03726169
2005-T2,0.26132726,0.694704,0.41263774,0.515886408562749,0.52237489,0.11463304,1.46197728,0.67360155,0.80667782,0.44916671,-0.22464353,0.03680409
2005-T1,0.25755518,1.28943955,0.50181749,0.424467398321493,0.46282488,0.70560155,0.46697714,0.65201358,-0.35026877,0.46113386,0.23983945,-0.44341812
2004-T4,0.89083476,1.96109483,1.5557072,0.391292724223691,1.33269272,1.66274515,0.64681089,2.17820708,2.52808084,1.17187048,-0.46415042,0.18311471
2004-T3,0.37940032,1.5016809,-0.01786048,0.269688477316121,0.47392454,0.38948641,0.8878921,0.45467007,0.17680029,0.15102982,0.57066667,-0.34229617
2004-T2,0.44243764,2.02655124,0.46737483,0.534912209064919,0.60897444,0.17197863,1.73854923,0.38934916,1.66461653,0.49110664,0.01502862,-0.06369761
2004-T1,1.06805783,1.16882007,0.6256101,0.463551708577747,0.7393824,0.6005268,0.41004214,1.30930829,1.24974253,0.58225104,0.44533714,0.04046964
2003-T4,0.35982717,1.05609472,0.27882721,0.694788671887903,-0.18383001,-0.69310416,-0.27424607,0.72489026,2.41990438,0.25624196,-0.28941712,0.39300233
2003-T3,1.0444844,1.00808586,0.5872903,0.41728540496595,2.51209247,2.8659762,2.84486381,1.1691033,-0.20725744,0.90005065,0.46801237,-0.32357862
2003-T2,-0.41248674,-0.40284931,0.1386144,0.680720979570015,-0.15698722,-0.99300033,-0.10713119,1.11216721,-1.27247598,0.16537996,-0.32357279,-0.25429391
2003-T1,0.29694446,-0.82973311,0.47444104,0.266313814819785,0.0863793,-0.77647263,0.0173761,1.61647571,-1.70414798,0.29013242,0.27218929,-0.26537726
2002-T4,0.10615113,0.66984984,0.49746166,0.774748923959834,1.25307339,1.03179555,1.05401287,1.69480451,0.71411619,0.67666355,-0.59590785,0.02539543
2002-T3,0.3795521,0.51819589,0.704552,0.544769533636558,0.41754462,0.42918617,0.21317656,0.5613074,-0.72017514,0.59143779,0.14875516,-0.36064085
2002-T2,0.50755768,1.10367963,0.6920726,0.914540160986466,0.14937386,-1.12309983,2.59155891,0.66994274,2.74668647,0.64173536,-0.63581013,0.50163245
2002-T1,0.57808841,2.60429518,0.12904242,0.182727530089988,-1.58696775,-1.8529925,-1.24592071,-1.21791392,2.46068243,-0.15513856,0.72587951,0.00734746
2001-T4,-0.43212258,-1.04485318,0.52498337,0.196840241365681,0.40483772,-0.39184086,2.74061431,0.33113226,-2.2264739,0.45749477,-0.51414032,-0.37547702
2001-T3,0.51856537,-0.85568767,0.41990378,0.2749549642731,-0.00465977,0.24918572,-0.14921526,-0.22851064,-0.21733327,0.3181169,0.02342905,0.17701942
2001-T2,0.05099817,-0.43630265,0.67403253,0.124271844660195,-0.46764707,-0.08883609,-0.84839032,-0.94800904,-1.40349406,0.30009652,0.05684727,-0.30594562
2001-T1,0.57698874,-1.29472164,1.14418653,0.120100919333654,0.67010202,0.80726442,1.46017462,-0.30406185,0.40358589,0.76237415,-0.65692576,0.47154035
2000-T4,0.56229752,2.23323575,0.12654733,0.159235668789814,0.06940174,0.55978557,-1.11218235,0.11943253,2.98646342,0.12562961,0.16431127,0.27235663
2000-T3,0.7818313,3.52982832,0.44106183,0.346495532031299,2.54851645,4.21899159,0.34993424,1.13822952,1.41556626,0.84559668,0.46293971,-0.52670509
2000-T2,1.0668904,4.20010586,0.77802987,0.461508933556676,0.91738279,0.12997427,0.72599703,2.65326333,4.9597899,0.71957822,0.028967,0.31834517
2000-T1,0.98326079,4.71686988,1.25490949,0.606496800751311,2.24293349,2.02358585,1.36443823,3.39095374,2.84017937,1.26632859,0.10595172,-0.38901953
1999-T4,1.4162532,3.95703359,0.41275971,0.61286305954662,1.37186625,1.1265767,1.08390792,2.15201614,3.01540496,0.65931644,0.89970454,-0.14276778
1999-T3,1.47303958,2.48983069,2.41343872,0.557671985862829,2.35906305,2.56046387,1.39281196,2.58967593,4.16098192,1.87890752,-0.92407722,0.51820929
1999-T2,0.64844686,1.44407696,0.88298003,0.318028756213584,1.64395142,2.08418065,1.34897512,0.83065932,1.28419632,0.87702172,-0.22267851,-0.00589635
1999-T1,0.68803858,0.71189492,0.20181348,0.616675331194094,2.13758115,2.48201591,2.93496905,0.57371924,-0.39699108,0.67590073,0.28571358,-0.27357573
1998-T4,0.68554409,1.24082929,0.44674782,0.404078583835066,1.44952569,1.54191294,1.83885835,0.6116778,0.26942741,0.62817327,0.29499819,-0.23762737
1998-T3,0.51723236,0.99779821,1.40065966,-0.104285598698228,1.63680674,1.72535869,1.78934678,1.01255244,1.09610543,1.04421686,-0.58275729,0.05577279
1998-T2,0.7160907,2.26973406,1.07644491,-0.388655556252071,1.90221337,2.58702876,1.36158455,0.45218931,1.48544778,0.85654707,0.00909891,-0.14955527
1998-T1,0.95847992,4.2264118,0.92375417,-0.60438288857636,1.82343385,2.49500229,0.72136089,0.81904646,2.07401188,0.70372961,0.698181,-0.44343069
1997-T4,0.98821223,2.8606147,1.47198996,-0.21051135606619,1.59344317,2.25044801,0.94710327,0.13047135,2.60800556,1.02991127,-0.0723798,0.03068076
1997-T3,0.99434832,4.27565675,0.7750806,0.138756704350373,0.5479367,0.94848011,1.17948827,-1.55348297,3.30889689,0.54409506,0.55147639,-0.10122314
1997-T2,1.04961755,2.78603991,0.26731308,0.234478085660284,1.18504985,2.2174077,1.43216042,-1.63941842,4.02107226,0.4159834,0.22802301,0.40561115
1997-T1,0.42688692,1.27914235,0.08324627,0.247571210238906,-0.99746931,-1.24558258,0.55872823,-2.44888722,3.18248786,-0.10089601,0.02498906,0.50279386
1996-T4,0.38465175,1.86415093,-0.99945556,0.673031069201624,-0.49981964,-0.50281637,0.67640499,-1.97162208,3.96645366,-0.47186387,0.30257378,0.55394184
1996-T3,0.38600055,-0.26629129,1.31692703,0.487341772151906,0.27109523,0.35096247,1.10300243,-0.91247416,1.45746976,0.87339878,-0.89495445,0.40755623
1996-T2,0.19284306,-0.01976693,-0.30705697,0.717590063016793,-0.31782617,-1.25991045,0.44662087,0.78201304,-0.13200514,-0.03246108,0.25268208,-0.02737793
1996-T1,0.69513326,1.16542285,1.62059881,0.714462593893583,0.69330089,1.00372589,0.26218681,0.16811659,1.96588735,1.19246327,-0.70950349,0.21217348
1995-T4,-0.03950242,-0.614219,0.00412573,0.430153086601703,-0.03312879,-0.40847303,-0.67250633,1.15251802,0.32765813,0.12690617,-0.38204842,0.21563984
1995-T3,0.15628572,0.80532156,-0.34575821,0.377225910242429,-0.12222131,0.15391696,-0.39598974,-0.76010013,-1.39719088,-0.09173377,0.76821583,-0.52019634
1995-T2,0.65568632,2.91868125,1.4983676,0.133316051622945,-0.51444551,-0.90931136,-0.6953974,0.16665283,2.51897406,0.73750949,-0.05667031,-0.02515286
1995-T1,0.47252715,-0.47397067,0.0665184,-0.210639123445611,0.92623066,1.61590462,0.49965064,-1.32495365,1.63776422,0.19074526,-0.20400071,0.4857826
1994-T4,0.94265379,4.38471144,0.41419141,0.0526875259971416,0.42535619,0.38613676,1.26027603,-0.76816066,5.1504596,0.33418767,0.35021348,0.25825264
1994-T3,0.90324227,2.61839344,0.52892653,0.0684481690114813,0.808114,1.76983795,1.48048292,-1.64626585,2.57962541,0.4724937,0.39159003,0.03915854
1994-T2,1.0034404,3.53851114,0.91725231,0.0175776190652455,0.93236106,1.29445522,1.62450401,-0.11377357,3.47307642,0.68738947,0.26683264,0.04921829
1994-T1,0.67872639,1.73360919,0.03182529,-0.193902236339127,1.56810507,1.39550187,1.90890103,2.32621542,-0.03938237,0.29631321,0.74708934,-0.36467616
1993-T4,0.26310959,3.0942317,0.32546864,0.21931245083977,-0.28605236,-0.16418788,0.64116785,-0.39939091,3.56713131,0.18259534,-0.08238107,0.16289533
1993-T3,0.12247775,0.65516881,0.0401665,0.190061190432034,-1.30447154,-1.10439674,-0.73589286,-1.26809279,1.83505722,-0.17581609,0.02810299,0.27019085
1993-T2,0.0047603,-3.17996367,0.73483134,1.08621287523079,-1.76311986,-1.3910685,-1.44780513,-2.15647627,-2.60694516,0.31417478,-0.39161821,0.08220374
1993-T1,-0.54027223,-0.32128164,-1.20154548,1.07898675659801,-1.76319848,-2.82204039,-1.31442858,-0.75318979,1.30922864,-0.70609096,-0.18077682,0.34659555
1992-T4,0.01897562,-1.22826016,0.56010386,0.939959265244461,-1.47593892,-2.28304564,-1.69870863,-0.59040853,-0.86415551,0.22283821,-0.27751621,0.07365363
1992-T3,-0.11499055,-1.81329285,0.60918112,1.15686331408451,-1.16875876,-1.93029003,-0.66695716,-0.31071449,-1.13988181,0.34245401,-0.60215418,0.14470963
1992-T2,0.11227632,-0.74191744,0.19991299,0.729777656527086,-1.38157166,-1.21449088,-2.02595517,-0.94668512,0.76134735,-0.0361276,-0.20051641,0.34892033
1992-T1,0.71522893,3.48693279,0.25507466,0.600856686368489,0.41072553,0.70084973,0.79092725,0.84132587,1.93370699,0.35823689,0.71647789,-0.35948585
1991-T4,0.48257954,-0.42453443,0.38206323,0.880046672138124,-0.85553633,-1.13070687,-3.4914769,0.68173345,2.10693408,0.20094554,-0.31140959,0.59304359
1991-T3,0.40537669,0.06658368,-0.1688299,0.536827350359381,-0.12331153,-0.64821189,-0.95957122,0.98921837,2.85204199,0.00709203,-0.24057939,0.63886404
1991-T2,0.36930429,0.00029552,0.13829263,1.31336428736895,0.43697631,0.64610609,-1.5406472,1.61303226,2.92844956,0.47260321,-0.75832959,0.65503066
1991-T1,0.26311143,3.39071932,-0.12575114,0.92911672918381,-0.88309288,-0.49835236,-2.74985161,0.13758451,1.07947655,-0.05613443,0.85580314,-0.53655728
1990-T4,-0.04802014,-0.60489451,0.7755708,0.712552596824234,-0.07002136,0.05592167,-0.53961929,0.09457871,1.49164174,0.56560413,-1.0975996,0.48397533
1990-T3,0.64978963,0.44552683,0.03786151,1.1955699677797,0.55579418,1.41732527,-1.98202694,1.10319212,1.59042555,0.42902194,-0.03273323,0.25350092
1990-T2,0.53726049,0.72343901,0.55985272,0.382715407415102,0.37327987,0.4851614,-1.20173809,1.60653661,-2.59335885,0.49171704,0.82243121,-0.77688776
1990-T1,0.2116901,0.51148135,0.9115508,1.181707214412,1.37678026,1.76335912,-0.71934016,2.58360424,1.766774,1.07530876,-1.13753545,0.27391679
1989-T4,1.34105798,3.64265925,0.57517748,0.811524711723077,1.8689584,2.49510801,0.18979739,2.21000639,2.70602945,0.93281598,0.62177613,-0.21353414
1989-T3,1.12672963,0.37694244,1.03812748,0.564338902046124,1.15401279,1.37237932,0.43838551,1.41317776,-0.39234684,0.95432168,0.34725467,-0.17484673
1989-T2,1.11567049,2.48476948,0.48623645,0.145296040682896,1.51337165,1.31425228,3.79635552,-0.34635163,2.30562797,0.65091829,0.50218044,-0.03742823
1989-T1,1.30085421,2.08875545,1.1041178,0.561888288443146,2.37468994,3.58240502,0.63224437,1.65778916,4.80764875,1.26309742,-0.55209327,0.58985006
1988-T4,0.82490123,1.51340615,0.65040358,-0.101959774185934,1.5613776,1.02336796,3.64048459,0.99773425,1.54233366,0.69133697,0.14121787,-0.00765361
1988-T3,1.26549068,4.09362966,1.27595756,0.636172166117621,2.0044815,2.44434888,2.24604132,1.0051748,2.82511598,1.29450814,0.2661466,-0.29516406
1988-T2,0.87515546,0.93577456,0.69365796,0.612903576357571,1.80440475,1.89605321,0.69771581,2.71134929,1.75407832,0.93331043,-0.22279187,0.1646369
1988-T1,1.28404769,1.45223142,0.12249904,1.10309063142051,2.40887439,2.22461483,2.17481424,2.79815799,1.178584,0.87195536,0.48126151,-0.06916918
1987-T4,1.47479057,3.14844101,1.85897503,1.26952690373403,1.9250414,2.49190375,-0.14643053,2.72784461,2.39163444,1.73927072,-0.08124494,-0.18323521
1987-T3,0.67259964,1.46206355,0.07870158,0.85395275767266,2.11943424,2.14460595,1.41153127,2.80567623,2.81414616,0.72083517,-0.32306406,0.27482853
1987-T2,1.48869983,2.51008484,1.31370953,0.639194118510655,2.31300573,3.08715633,-0.01728618,3.24823477,2.61415123,1.38360654,0.10550859,-0.0004153
1987-T1,0.08233113,4.47789827,0.76261704,0.437825391604196,0.25400543,0.36220223,2.16328333,-2.06548117,-0.36012288,0.58173793,0.51410285,-1.01350964
1986-T4,0.12492007,-2.68160346,0.59065673,0.785358269696834,0.87561547,0.91788223,0.67590607,0.89921518,-1.42626646,0.71585494,-0.9517279,0.36079303
1986-T3,0.54275375,3.18014235,0.47290066,0.661672477877118,0.92843903,1.28436372,-0.19215751,1.18314698,1.58229686,0.62645375,0.35274333,-0.43644333
1986-T2,1.09725814,2.03726459,1.5870939,0.687074199378968,1.53129446,1.36499366,-0.15634453,3.61062512,-1.25845727,1.36404915,0.54964674,-0.81643775
1986-T1,0.30888314,1.08693087,0.88073792,0.505391620280871,0.57672292,1.93133443,0.18865195,-2.24180588,-1.35262421,0.72051249,0.17612648,-0.58775584
1985-T4,0.50504995,2.0749922,1.34124955,0.789896832196813,0.61439005,0.48138061,0.72351921,0.51047567,1.71832975,1.03535282,-0.42939607,-0.1009068
1985-T3,0.57215914,2.10082483,0.38900079,0.392374039685151,1.34643304,1.36720806,1.2529124,1.3607707,-1.61642676,0.58798966,0.92016995,-0.93600047
1985-T2,0.83172122,0.80789288,0.83519821,0.808913490206331,1.66748031,2.68954035,-1.889659,3.71469003,2.05033547,0.99015332,-0.47008276,0.31165066
1985-T1,0.25070584,1.71023749,1.18690758,0.769654313894486,-0.26680834,-0.20823707,-0.93978635,0.4345794,0.11310342,0.74714636,-0.10032203,-0.39611849
1984-T4,-0.09214965,1.75109214,-0.75581427,0.59239994220488,0.67138061,1.5927018,-1.47848857,1.2715577,-0.37429387,-0.12711543,0.54217113,-0.50720536
1984-T3,0.64644989,-0.89921798,0.28965637,1.13985094256905,-0.28933929,0.44711906,-3.05911271,1.34719791,1.83442668,0.34788042,-0.36875681,0.66732629
1984-T2,0.47600537,1.15748683,0.4712725,0.724931002759899,-0.6259729,-1.22783916,0.33422144,-0.91523334,2.03017165,0.27550351,-0.01540035,0.21590221
1984-T1,0.44524589,2.24752444,0.43839715,0.040494772493016,0.33581927,0.68348371,-1.1671364,1.06876742,1.30578295,0.31728722,0.33482118,-0.20686251
1983-T4,0.62233644,0.09636741,0.4774387,0.635983056917389,-0.52147382,-0.26717293,-1.44757241,-0.33471837,1.6289928,0.28411909,-0.02167023,0.35988757
1983-T3,0.16054138,1.59273406,-0.25561696,0.717661691542282,-0.51967017,-0.45534635,-0.54111299,-0.95911746,2.58624959,-0.08791004,0.02860544,0.21984598
1983-T2,0.05470088,-2.85080179,-0.4098967,0.104586881816826,-1.22683827,-1.33497144,-0.73132825,-1.88772948,2.73583771,-0.47123257,-0.7740082,1.29994165
1983-T1,0.38438694,-0.59592154,-0.32725507,0.466582439988494,-0.55425814,-1.32570472,0.47285518,-0.18028512,-0.61092955,-0.19329644,0.56572158,0.0119618
1982-T4,0.59877775,-0.98836976,1.41989709,0.73081914746167,-1.13656552,-0.19979156,-2.77523084,-1.23769937,3.07871476,0.67989418,-0.99597244,0.91485601
1982-T3,-0.0581782,-0.80434488,-0.13383982,1.60024579775453,-1.47136217,-2.00582916,-0.7095992,-1.3491618,-0.35606817,-0.05505291,-0.12454473,0.12141944
1982-T2,0.70863333,2.1180787,1.29965142,0.761064458289806,0.35422951,1.34934214,-2.2976479,1.80408397,-1.66578407,0.96266938,0.6369854,-0.89102145
1982-T1,0.75638884,0.05431171,0.76896938,1.51241357636707,-0.60525654,0.37514926,-2.80306677,0.16854543,-1.85086092,0.61469573,0.60221249,-0.46051938
1981-T4,0.60293114,1.71067117,1.09727713,0.750669533898862,0.61768426,1.14796751,-1.21102485,2.18835638,-1.58380747,0.89431856,0.4659709,-0.75735832
1981-T3,0.67154643,2.25932178,0.46394923,0.889113681436426,-0.11022216,-0.34872565,-0.44776028,0.83993308,2.27546061,0.41213882,0.24460507,0.01480254
1981-T2,0.75612474,-0.17329928,1.65411353,0.806386689923522,0.14047843,-0.26612278,0.14391009,0.88661038,3.75636096,1.07366046,-1.19150354,0.87396782
1981-T1,0.37172657,-1.26900808,0.00146675,0.630544266367816,-0.57021942,-0.81712742,-1.3483469,0.92156733,1.280654,-0.00045829,-0.2195965,0.59178136
1980-T4,-0.15612374,-1.81123442,0.88972307,0.488446874618398,-0.8031194,-1.20229477,-0.51564451,-0.50346715,1.41553612,0.36634606,-1.22314793,0.70067814
1980-T3,0.15117606,0.32896935,0.94301197,0.740831863971248,-0.14881056,0.793492,-1.64719638,-0.10354222,-1.83072786,0.60650708,0.02028093,-0.47561195
1980-T2,-0.8055002,-0.5067814,-1.77354283,0.776891607091201,-0.22906898,0.6562723,-1.40298733,-0.32831675,-1.04514426,-0.79716119,0.11309135,-0.12143036
1980-T1,1.185105,3.59010751,1.27336096,0.803965675247853,0.73821086,1.15001196,1.34972696,-0.56882096,1.76239891,1.02051485,0.54095213,-0.37636197
1979-T4,0.34701148,0.19234142,0.52398047,0.871197265953283,1.61537574,2.54759948,1.17731714,0.25826708,0.5172449,0.84365952,-0.57059542,0.07394738
1979-T3,1.28720322,3.85102804,0.36424217,0.848930009181448,2.32935352,3.77588877,0.80105369,1.3391751,3.74515657,0.92401517,0.34377763,0.01941041
1979-T2,0.51040439,0.74653177,0.78436117,0.5482253689159,0.79466842,1.15658844,-0.45562629,1.76084793,0.55406113,0.70913132,-0.16568435,-0.03304258
1979-T1,1.10708874,3.09121824,1.12797933,0.476632179807357,-0.81728449,-1.51217504,0.4809183,-1.81969315,1.80700621,0.48496069,0.84451686,-0.22238881
1978-T4,1.13921529,2.59205364,1.38892796,1.10373683451162,1.30127409,1.26339745,0.96265406,1.72218195,1.51055042,1.27216476,0.08260575,-0.21555523
1978-T3,0.62225827,0.35589838,0.40422258,1.23864333498875,0.30875181,-0.60086434,1.87688005,-0.04542725,1.24103885,0.55204432,-0.12429919,0.19451315
1978-T2,1.08964662,1.51158804,1.55370281,1.53047604923624,1.38530219,1.68110593,1.07846408,1.35155947,1.49304356,1.46374774,-0.37941865,0.00531754
1978-T1,1.38290912,2.28109845,1.07826317,2.18214881042582,1.46686593,0.9642519,3.86249413,-0.76017391,1.34496622,1.37999111,0.18081851,-0.17790051
1977-T4,0.79771785,0.28859668,0.42803243,1.47624173458403,-0.42673874,-1.20086143,0.88332934,-0.42418052,1.67744858,0.42370504,0.07424758,0.29976524
1977-T3,0.81825907,-0.37759841,1.30738454,1.30703681201414,0.2832498,0.00162219,0.59330622,0.34928313,2.26163778,1.01081433,-0.74787539,0.55532013
1977-T2,0.40065206,-0.23927306,0.22438612,0.994351704715313,-0.53670183,0.77846912,0.50186885,-5.74314152,1.72820297,0.18746781,-0.19650507,0.40968931
1977-T1,1.13163312,-1.1412663,0.10806519,0.580769717685792,0.91171705,2.49614857,-1.87874751,0.73889095,0.80037948,0.39347583,0.33312193,0.40503536
1976-T4,0.70600343,0.30342526,0.99120378,0.307946284009009,-0.59416314,-1.16354948,1.2522867,-2.3733706,3.42149961,0.43181083,-0.36466946,0.63886205
1976-T3,1.14118601,3.83636325,1.34106257,0.738774465907643,-1.74722373,-1.41023649,-2.27537097,-2.01033591,1.02315303,0.40478886,1.32636207,-0.58996492
1976-T2,1.36724184,4.62606067,0.96848602,0.659949135627591,0.40508546,-0.72261798,3.22122467,-0.74863609,3.39979319,0.75148134,0.86473759,-0.24897709
1976-T1,0.94317097,7.32016956,1.33225006,0.945664890159881,2.36936978,4.57106497,-0.00678895,1.18542182,3.16893233,1.49750099,0.14465779,-0.69898781
1975-T4,2.13833107,4.9342757,1.9293771,1.53262393796916,2.07213005,4.15704114,-0.64301238,1.66044363,1.71473304,1.88194454,0.91411279,-0.65772626
1975-T3,-0.06530488,1.31674963,1.60204081,1.17507636327219,-1.48589555,-2.79151325,-1.57435068,1.83340696,-0.09280783,0.68208379,-0.458809,-0.28857967
1975-T2,-0.03236578,0.11664847,0.79722826,1.62674718414981,-0.61116164,-0.47962777,-2.62992357,2.24762509,-0.75348748,0.56684809,-0.41436208,-0.18485179
1975-T1,-0.77165965,-6.28950946,0.28689517,1.22252747252747,-2.13286806,-3.02841505,-3.01863786,1.47857366,-3.99704297,-0.20560291,-1.26814263,0.70208589
1974-T4,-1.78393401,-6.01021688,-0.35781655,1.55010374710118,-2.7279676,-4.74888802,-1.76912981,0.77008602,-0.57399626,-0.61276521,-2.12622041,0.95505161
1974-T3,1.10943881,-0.52905732,0.2264145,0.792618629173991,-0.9599397,-2.24358471,-0.46056874,1.50561761,2.64824579,-0.00901972,0.50585565,0.61260288
1974-T2,0.7054996,0.76434282,0.67141362,1.59807160074994,0.74167,1.38490216,0.05233704,-0.14225045,0.91061625,0.81811681,-0.1519365,0.03931929
1974-T1,1.64083805,2.934354,0.39863988,0.862658934553173,0.42146727,-0.97571113,2.5127309,0.59966563,4.17206721,0.46498754,0.90257563,0.27327488
1973-T4,1.21007613,2.03711756,2.3829228,1.14946716458695,1.2098066,0.74009312,2.39294745,0.23584044,4.20052544,1.734945,-0.93625763,0.41138875
1973-T3,1.58807845,4.10003308,0.48912932,1.25613310215074,2.25441073,2.82369005,2.29143709,0.24460923,2.43354231,1.08240152,0.77782004,-0.2721431
1973-T2,1.46071526,1.58576797,0.69559411,1.62139871412772,1.7580009,1.73647796,2.87867454,-0.31773403,2.53220626,1.13307671,0.14541323,0.18222532
1973-T1,1.87026536,5.26898897,2.27806739,2.29913710450622,1.3775257,1.0725353,1.91126893,1.02592249,2.74499967,1.97262229,0.28283707,-0.385194
1972-T4,1.54036993,5.63457235,0.73043458,1.43743556826361,1.92919266,1.73308425,2.14071607,1.64652352,5.0082423,1.17315783,0.4342695,-0.0670574
1972-T3,1.36173823,1.45557939,2.24831315,1.21869585761538,1.4554469,1.2157646,2.11653907,0.60310203,0.0799952,1.78018885,-0.17921213,-0.23923848
1972-T2,0.72913225,1.14203589,0.225028,1.34887062016122,1.27590961,0.95473872,2.11180203,0.41576982,3.83054799,0.70020638,-0.46196997,0.49089584
1972-T1,1.13177899,8.05672132,1.67762714,0.71948229430443,1.67724926,0.6767297,5.03460191,-0.65376692,3.85156231,1.4293563,0.33706726,-0.63464458
1971-T4,0.97151953,-0.4332556,1.17471991,1.18144661122068,0.8672772,1.65996198,0.14606157,-0.50080023,0.10603964,1.04720684,-0.16697026,0.09128296
1971-T3,1.32881704,5.25777677,1.41570937,1.31231973629995,1.42515564,3.15986302,-1.43189252,0.99986797,4.19960401,1.34823782,0.09770515,-0.11712593
1971-T2,1.07825261,2.53538428,1.63664885,1.40809760581624,1.75926936,3.01607924,-0.70563228,2.26123759,1.23596035,1.56536794,-0.29922928,-0.18788605
1971-T1,1.56799817,-1.2502563,0.77478667,1.8598910452843,2.84232488,1.91673045,8.44908465,-1.97392351,2.26386405,1.490019,-0.5107539,0.58873307
1970-T4,1.24197291,1.22958382,2.53822295,1.62629757785466,0.22874245,1.97590016,-3.34131439,1.24424597,2.4799122,1.66439573,-0.64200016,0.21957734
1970-T3,1.08258493,4.02091549,0.63773926,1.37460811610726,1.42154762,0.69125967,3.13544553,0.84496039,1.91998812,0.95934932,0.42030645,-0.29707084
1970-T2,1.78836629,3.68750508,1.20087743,1.45917209778232,2.37871873,1.82666855,3.63402013,1.78818771,3.96130534,1.52020797,0.18065881,0.08749952
1970-T1,1.48121715,1.84945499,2.01970073,1.09966717639651,0.00157083,1.31093879,-3.56899635,1.43130457,4.51674249,1.25691155,-0.18945003,0.41375563
1969-T4,1.55486353,-1.08366279,-0.79802044,1.21315579833845,1.60644202,-1.18339256,8.03849361,-0.16177621,4.82578786,0.23852699,0.39707047,0.91926607
1969-T3,1.42721029,-0.98242929,1.02367728,1.29106628242075,1.39804824,0.3333408,3.26309826,1.57537167,3.12444238,1.1622044,-0.37000747,0.63501336
1969-T2,2.08943025,6.16444025,2.72853152,1.65221467072885,3.61864527,5.37461683,1.61252434,1.97172745,3.24887643,2.70851335,-0.15670077,-0.46238233
1969-T1,0.92233757,4.32394742,-0.26805875,1.30338785878779,-0.46690483,-0.19309723,-0.54118768,-0.06988607,3.5139111,-0.03749295,1.05669894,-0.09686842
1968-T4,1.09670766,5.35480648,2.5538078,1.41085831226677,1.62849836,3.14725224,-0.52386103,0.76243302,-2.44761247,2.03193424,0.26063117,-1.19585775
1968-T3,8.06727312,19.60535232,5.02965862,2.61129502445774,9.01593792,14.81297781,4.089377,2.10391576,25.34234011,5.63406315,1.59798011,0.83522986
1968-T2,-5.3235185,-8.15395754,-0.37106422,0.568958234987194,-5.5814613,-8.37643701,0.03162969,-5.85176363,-13.58775646,-1.61392471,-2.79664933,-0.91294446
1968-T1,2.803339,5.09322985,0.20740869,0.77113742770587,2.68178818,2.83289868,4.43055253,0.18164985,5.83973429,0.96329442,1.68853361,0.15151097
1967-T4,1.0421125,1.78595599,0.72249509,0.835647563746522,1.66680718,2.84203838,0.74162527,0.01032331,3.78146624,0.96964134,-0.23365989,0.30613105
1967-T3,1.0169027,2.09650042,1.25682081,1.10524031957526,1.2841957,0.70352991,3.0099221,0.51316345,0.92130325,1.18802754,-0.01502998,-0.15609486
1967-T2,1.19766704,-1.79610197,0.68222596,1.21163583755297,1.57001715,1.31712579,3.15469176,0.35949264,2.56687047,0.97751883,-0.41150853,0.63165674
1967-T1,1.63852629,4.27505869,1.50730961,1.56114711515756,2.95126607,2.37403194,3.23592714,3.88685407,3.23348395,1.83443321,-0.06688089,-0.12902602
1966-T4,0.58428856,3.40501445,1.70812988,1.4021178098228,0.82108714,0.79097508,-0.57998318,2.64189013,-1.05020215,1.33382138,-0.12678605,-0.62274677
1966-T3,1.14356621,4.15958871,0.40012566,1.35095051907779,1.71975095,2.93474998,-0.44239213,1.63322754,2.53649309,0.88161443,0.44726492,-0.18531314
1966-T2,1.63421656,2.28610716,1.87961748,1.253208103533,2.09738947,1.89691493,3.18552265,1.30732474,1.57263489,1.7447629,-0.03679167,-0.07375467
1966-T1,0.80469707,3.06642568,0.97444584,1.13768155961782,1.53427314,2.89937482,0.96008496,-0.78867697,0.40212349,1.09613125,0.05030549,-0.34173967
1965-T4,1.52093122,2.21227613,0.20388921,1.00125505508297,3.23213496,1.8415529,8.95626446,0.15252589,2.86732872,1.10465648,0.28445322,0.13182152
1965-T3,1.43149691,1.48435848,1.65650407,1.00569046143444,0.33152291,0.01644772,0.31408031,1.0735082,2.79539305,1.13769855,0.08246159,0.21133677
1965-T2,1.85763782,2.58312245,2.43955169,1.15984155481463,2.27067763,1.97300551,2.50786079,2.49158908,2.37716471,2.08753516,-0.23713647,0.00723914
1965-T1,0.46945683,-1.51818473,-0.33994707,1.08019357068787,0.25008183,-0.74538876,0.86637028,1.6722952,2.89747305,0.07823109,-0.21535801,0.60658375
1964-T4,1.32146342,0.512521,1.23557764,1.23643998600256,1.36065626,-0.95737482,4.57968402,3.41356398,4.24552241,1.23885187,-0.43005866,0.5126702
1964-T3,0.93542336,-0.27333864,0.76576059,1.4166149114246,2.63808756,1.99018375,4.23325553,2.35287017,0.69737914,1.33620201,-0.53470941,0.13393076
1964-T2,1.27302318,2.11735429,0.08951178,1.26987930156639,1.28077567,0.85741679,1.87182574,1.78425154,-0.40030012,0.59899375,1.02155325,-0.34752381
1964-T1,2.11589706,5.9305246,1.81327745,1.52643901845715,3.32124549,2.02815651,5.3775496,4.47562931,4.35772273,2.10476769,0.17920832,-0.16807895
1963-T4,-0.29171858,4.70713124,1.32500095,1.47489894782313,0.02483604,2.11997564,-6.04637451,1.50133786,-0.37003877,0.96312562,-0.58436108,-0.67048312
1963-T3,3.40756571,2.49836313,1.94954481,1.83503534956795,5.22968077,3.49843331,11.39733785,3.11066529,3.70579443,2.64198423,0.57060241,0.19497907
1963-T2,4.47769863,10.68077454,2.9460137,1.9901294705807,6.08345697,4.26002681,3.7850586,13.33695865,4.68587109,3.42331166,1.72590083,-0.67151385
1963-T1,-0.94185281,0.23059973,1.68423176,0.570470880201124,-0.35998489,0.28564698,3.78275301,-6.06896525,1.36007174,0.91345834,-2.01704383,0.16173267
1962-T4,1.07504257,1.39714317,0.98627965,1.21680694199777,-0.2317125,-1.26892941,-0.12622326,2.08608523,1.85203309,0.66945492,0.31934956,0.08623808
1962-T3,1.93733978,3.99588967,1.66454856,1.42271042879831,2.23093627,3.18889696,-0.10278857,2.33616228,-0.33307946,1.684511,0.79630764,-0.54347886
1962-T2,1.52905778,-4.0159546,1.56752687,1.6342726477907,1.01865942,0.7684326,0.00179492,2.7133361,-0.30435727,1.37935311,-0.33166485,0.48136953
1962-T1,2.06828706,4.05287333,3.04232314,1.84595362854891,2.16250067,2.66439162,0.17668053,3.13136842,1.08659459,2.49820858,-0.08408178,-0.34583974
1961-T4,1.76678456,2.95491745,1.2499829,1.82737576285963,1.60434969,1.26178441,0.96000684,3.26689854,-0.67001515,1.37460937,0.88555996,-0.49338477
1961-T3,0.94928625,0.33321478,0.89448778,1.79268725594604,2.73457819,2.94458619,1.83566752,3.30876323,0.47538013,1.42725407,-0.50929928,0.03133146
1961-T2,0.62081952,4.33802688,0.89736481,1.75185118295105,0.56148091,-1.4052543,2.76884651,3.22521084,2.39738508,0.88526818,-0.08541806,-0.1790306
1961-T1,1.38417538,-0.07331001,2.35307753,1.70830271858928,5.28922593,6.95646015,3.64556973,2.99488189,1.20564006,2.74113018,-1.55518856,0.19823377
1960-T4,1.04286324,0.45277175,1.60665382,1.37425049346394,2.27473794,1.84567115,3.1003071,2.39386555,0.17723144,1.58541952,-0.51143976,-0.03111651
1960-T3,1.66806073,5.93398159,0.96871464,1.02716532470464,2.62836501,3.10268599,2.35038035,1.70662086,3.2935081,1.28272435,0.61548467,-0.23014829
1960-T2,2.50389909,-0.87521577,1.39066476,0.674242424242433,2.67735021,3.88928414,1.45663194,1.03289754,0.85678587,1.48962732,0.76393275,0.25033902
1960-T1,2.0778209,3.62096065,1.91333238,0.319197446420438,-0.57347808,-1.62255898,0.56682686,0.68711455,6.72652856,0.98379247,0.50470672,0.58932171
1959-T4,2.50791699,7.55083627,0.78785906,0.39293480334186,2.76897576,4.54027973,0.3018257,1.21012469,5.17405647,1.16926345,1.52820915,-0.18955561
1959-T3,1.10927732,0.70776398,0.66590614,0.463743676222594,0.93075219,0.88070753,0.01000047,2.07578015,4.23787951,0.67904811,-0.07547472,0.50570393
1959-T2,1.28781726,4.29163806,-0.22071715,0.539457459926007,2.65171224,3.88307296,-0.23440583,3.14556699,7.70905446,0.58265516,0.20855793,0.49660417
1959-T1,0.19994332,-3.02744433,0.77716608,0.616446322645681,0.29718932,-0.74501432,-0.33644405,3.99613545,-1.11851208,0.60299499,-0.60885554,0.20580387
1958-T4,0.33861934,-1.95313353,1.64339299,0.311126667444484,1.64661539,1.78751412,-0.01494988,3.32956676,4.81698166,1.35414241,-1.90920013,0.89367707
1958-T3,-0.18829116,-1.96170359,-0.36875856,0.00777877173194774,0.27489652,-0.60181121,0.40258835,2.19394493,1.6743801,-0.14254383,-0.52684112,0.48109379
1958-T2,0.38859442,0.65886857,0.05201156,-0.29472214681816,-0.95561203,-2.71009036,1.0186017,0.91853765,-1.63859864,-0.24790649,0.94152429,-0.30502338
1958-T1,1.28746517,0.69052485,-0.8785566,-0.597486701102457,3.70395834,6.21855789,1.70250503,-0.53664115,0.81437786,0.25398353,1.02202168,0.01145997
1957-T4,0.28699788,-3.91124506,0.33306588,-0.288273052235077,1.11522521,0.88114333,2.23269268,-0.01605663,-0.43283953,0.39579801,-0.60616173,0.49736161
1957-T3,1.66831503,-1.3657137,1.05450417,0.0230671638921987,1.88580994,1.85313465,2.68639845,0.82989836,-0.08121893,1.04437071,0.43507663,0.18886768
1957-T2,0.69087654,0.86282864,1.37692403,0.335596358586643,-0.96872497,-3.81165153,2.90639374,1.76594063,1.55243126,0.63744521,-0.03152421,0.08495554
1957-T1,1.90142024,3.87117107,0.64072715,0.644459973600431,4.64168481,6.31965572,2.6307091,3.18102113,5.50228698,1.52228358,0.20700013,0.17213653
1956-T4,1.50751072,2.37049404,1.36014742,1.01968781865245,3.40582495,4.3676032,1.75405436,3.09317332,-0.1924395,1.72889064,0.14490628,-0.36628619
1956-T3,1.23627636,4.4019154,1.84403126,1.38772913435923,1.03110938,0.47447044,0.54777869,3.12036478,1.8143012,1.5515365,0.0573585,-0.37261863
1956-T2,1.7197165,9.74532674,1.68886342,1.77660866046134,5.87758225,10.4582365,-0.3966419,3.0438599,5.05488347,2.5444569,-0.21555392,-0.60918649
1956-T1,0.76203728,1.38422701,1.85697689,2.18344222975768,-1.63088697,-3.73802689,-0.78776095,2.69834993,-5.53977035,1.09931245,0.59081323,-0.9280884
1955-T4,1.10614067,4.21767386,1.57546474,1.84467654986522,1.83594437,2.58237502,-0.22996435,2.76776067,-0.53425629,1.63266989,0.08245582,-0.60898504
1955-T3,1.48768847,3.03091751,1.35380635,1.48309612343462,2.53899644,3.37772131,0.9820869,2.64072119,1.68321613,1.58832382,0.04218103,-0.14281638
1955-T2,1.45887169,3.55733189,2.32011866,1.11063094209161,3.91121445,5.33606602,2.58509143,2.36554985,-0.32813519,2.34634036,-0.4059899,-0.48147877
1955-T1,1.33470279,-0.19789498,1.73961579,0.726940321246672,0.95349953,-1.235025,4.09837283,2.39376903,0.04776293,1.30667614,0.00365193,0.02437472
1954-T4,0.76640887,0.7210972,0.20334325,0.463550094021947,1.99828441,0.34945487,5.11813213,2.60570227,1.0437135,0.62007282,0.08412494,0.06221111
1954-T3,1.59023597,0.59196486,0.90728684,0.197178161423195,4.24522653,4.00839519,5.74560748,3.18843163,3.99406731,1.431117,-0.33804533,0.4971643
1954-T2,1.78902894,1.34169767,0.9302237,-0.0656828830406742,4.98095888,5.23942048,5.74469221,3.53353887,2.6636657,1.52113008,0.06096223,0.20693662
1954-T1,1.50795449,3.05959022,1.23082615,-0.340388391883051,-0.83091165,-4.85403553,5.19428509,3.53354007,2.03549446,0.48031355,1.1470071,-0.11936615
1953-T4,1.59959834,-0.92461443,1.05549671,-0.0261768683739838,2.71700378,2.01984139,4.05401246,3.18825926,5.00002655,1.16854316,-0.39099071,0.82204588
1953-T3,0.47055694,0.81030371,0.4804873,0.284389219460968,1.88561477,1.3175315,2.77540339,2.51173134,-2.80710975,0.71125924,0.27434345,-0.51504574
1953-T2,1.6156744,-0.60249907,1.66001293,0.589736818941988,2.07336517,2.48698858,1.48493076,1.61626713,0.02488957,1.50049489,0.02554104,0.08963846
1953-T1,1.09478037,2.71906674,1.60066494,0.914904956475393,2.98953928,4.66731029,0.62445502,1.17417446,-1.4422299,1.66156996,0.06540838,-0.63219797
1952-T4,-0.21570734,-2.16475454,1.18241476,1.14095768574252,-1.58252285,-3.76906785,0.67057952,2.11975496,-0.38521019,0.60833076,-1.10651702,0.28247892
1952-T3,0.97573725,0.98508823,0.95126383,1.37522768670311,0.56325265,-0.65832024,1.19182379,3.62793246,0.91595171,0.90854609,0.07744958,-0.01025841
1952-T2,-0.53331143,-4.00908931,0.56494287,1.6196205460435,-2.48972294,-6.45103917,2.14980523,5.40553059,-0.0343038,0.14064966,-1.32849688,0.6545358
1952-T1,1.73883225,-0.70981934,1.61642729,1.87149389525292,0.88665942,-1.61640857,3.37562394,6.89886675,-1.05015524,1.43545719,0.40913133,-0.10575626
1951-T4,1.00744127,3.69771025,1.0504283,1.74100719424461,2.1095673,0.51569991,4.87157471,5.31478954,-4.20000915,1.32099588,0.98039909,-1.2939537
1951-T3,1.4366164,6.15731539,1.33841274,1.60323570976073,1.41832136,-0.41302206,6.46918493,2.99218681,1.66646794,1.33873378,0.71683004,-0.61894742
1951-T2,0.72453766,5.90904337,0.60843438,1.44848724540241,-0.05852412,-2.21914001,7.74337629,0.187575,-0.51951639,0.60397604,1.03785826,-0.91729664
1951-T1,0.04741891,3.10768308,1.72802733,1.2970103660674,5.76327655,7.04205228,8.72007983,-2.17156794,0.01410895,2.26962036,-1.76141248,-0.46078896
1950-T4,2.39227456,6.41951456,1.39855142,1.49428208386277,0.52564762,-0.67112927,7.5473883,-1.61931827,12.51443852,1.17309626,-0.0042328,1.22341111
1950-T3,2.42442514,3.50491698,4.04271388,1.69009716766591,2.38003668,2.38214672,5.56435997,-0.53885915,4.66073445,3.06835319,-0.94727746,0.30334942
1950-T2,2.52542624,-2.02892226,2.21754139,1.89056822370846,1.59536524,1.30129908,3.26463002,0.95960511,3.47900778,1.90378149,-0.19206239,0.81370714
1950-T1,2.74832351,8.11767249,1.54011261,2.23430601916659,0.21062163,-0.76379507,1.05827333,3.13678194,8.07453331,0,0,0
1949-T4,1.39715917,-4.81292141,-0.30137484,1.58608619558083,1.02730409,0.71655679,0.78160704,1.78596303,2.23150758,0,0,0
1949-T3,1.49784962,-3.90402224,2.21472725,1.08359133126934,1.26969037,1.10969957,0.94717707,1.81294847,0.76117322,0,0,0
1949-T2,0.90174309,0.04995296,0.89268728,0.555926173004218,1.46955575,1.26402425,1.693443,1.67437076,2.97864812,0,0,0
1. Administrations publiques.,,,,,,,,,,,,
Note : données révisées ; les volumes sont mesurés aux prix de l'année précédente chaînés et corrigés des variations saisonnières et des effets des jours ouvrables.,,,,,,,,,,,,
"Lecture : au 3e trimestre 2024, le produit intérieur brut (PIB) en volume augmente de 0,4 % par rapport au trimestre précédent.",,,,,,,,,,,,
Champ : France.,,,,,,,,,,,,
"Source : Insee, comptes nationaux trimestriels - base 2020.",,,,,,,,,,,,
